Cites,Authors,Title,Year,Source,Publisher,ArticleURL,CitesURL,GSRank,QueryDate,Type,DOI,ISSN,CitationURL,Volume,Issue,StartPage,EndPage,ECC,CitesPerYear,CitesPerAuthor,AuthorCount,Age,Abstract,FullTextURL,RelatedURL
157,"M Benchoufi, R Porcher, P Ravaud",Blockchain protocols in clinical trials: Transparency and traceability of consent,2017,F1000Research,ncbi.nlm.nih.gov,https://www.ncbi.nlm.nih.gov/pmc/articles/PMC5676196.5/,"https://scholar.google.com/scholar?cites=12601695881942225351&as_sdt=2005&sciodt=0,5&hl=en",3,2022-05-22 11:27:47,HTML,,,,,,,,157,31.4,52,3,5,"… Blockchain transaction logic we implemented for the consent for this purpose. However, we should be careful about the fact that if the consent … be erased from the Blockchain. Indeed, if …",https://www.ncbi.nlm.nih.gov/pmc/articles/PMC5676196.5/,"https://scholar.google.com/scholar?q=related:x1GrUqM34q4J:scholar.google.com/&scioq=intitle:blockchain+intitle:consent&hl=en&as_sdt=0,5"
59,"P Genestier, S Zouarhi, P Limeux…",Blockchain for consent management in the ehealth environment: A nugget for privacy and security challenges,2017,Journal of the …,journals.ukzn.ac.za,https://journals.ukzn.ac.za/index.php/JISfTeH/article/view/269,"https://scholar.google.com/scholar?cites=12789656341001743828&as_sdt=2005&sciodt=0,5&hl=en",13,2022-05-22 11:27:47,,,,,,,,,59,11.8,15,4,5,"… access to their data), the consent being recorded in the Blockchain through the consent management server In the second step (Figure 6) the patients’ data recording is classically done …",https://journals.ukzn.ac.za/index.php/JISfTeH/article/download/269/754,"https://scholar.google.com/scholar?q=related:1C27_K38fbEJ:scholar.google.com/&scioq=intitle:blockchain+intitle:consent&hl=en&as_sdt=0,5"
61,"K Bhaskaran, P Ilfrich, D Liffman…",Double-blind consent-driven data sharing on blockchain,2018,2018 IEEE …,ieeexplore.ieee.org,https://ieeexplore.ieee.org/abstract/document/8360358/,"https://scholar.google.com/scholar?cites=16004364238405578486&as_sdt=2005&sciodt=0,5&hl=en",5,2022-05-22 11:27:47,,,,,,,,,61,15.25,15,4,4,"… benefit from sharing process and data on a blockchain network. However, sharing of confidential … for consent-driven and double-blind data sharing on the Hyperledger Fabric blockchain …",https://www.researchgate.net/profile/V-Ramakrishna/publication/325213815_Double-Blind_Consent-Driven_Data_Sharing_on_Blockchain/links/5d4d3ed3299bf1995b7109ce/Double-Blind-Consent-Driven-Data-Sharing-on-Blockchain.pdf,"https://scholar.google.com/scholar?q=related:9i4h5nrsGt4J:scholar.google.com/&scioq=intitle:blockchain+intitle:consent&hl=en&as_sdt=0,5"
24,"S Gilda, M Mehrotra",Blockchain for student data privacy and consent,2018,2018 International Conference on …,ieeexplore.ieee.org,https://ieeexplore.ieee.org/abstract/document/8441445/,"https://scholar.google.com/scholar?cites=9926670920234665202&as_sdt=2005&sciodt=0,5&hl=en",9,2022-05-22 11:27:47,,,,,,,,,24,6,12,2,4,"… While this classic method of granting consent is familiar to the parties involved, it involves … between fields for consent nor keep track of usage. Blockchain technology represents a …",,"https://scholar.google.com/scholar?q=related:8oTJspuewokJ:scholar.google.com/&scioq=intitle:blockchain+intitle:consent&hl=en&as_sdt=0,5"
46,"K Rantos, G Drosatos, K Demertzis, C Ilioudis…",ADvoCATE: a consent management platform for personal data processing in the IoT using blockchain technology,2018,… Conference on Security …,Springer,https://link.springer.com/chapter/10.1007/978-3-030-12942-2_23,"https://scholar.google.com/scholar?cites=12251278288284526880&as_sdt=2005&sciodt=0,5&hl=en",12,2022-05-22 11:27:47,,10.1007/978-3-030-12942-2_23,,,,,,,46,11.5,9,5,4,… the blockchain infrastructure through the smart contract and comparing the retrieved hash with a new hash of the consent digital signatures. The utilisation of a blockchain infrastructure …,https://www.academia.edu/download/63289089/secitc2018-advocate-consent_fin20200512-86045-feadb1.pdf,"https://scholar.google.com/scholar?q=related:IKmncbFIBaoJ:scholar.google.com/&scioq=intitle:blockchain+intitle:consent&hl=en&as_sdt=0,5"
15,"CS Kouzinopoulos, KM Giannoutakis…",Implementing a forms of consent smart contract on an IoT-based blockchain to promote user trust,2018,2018 Innovations in …,ieeexplore.ieee.org,https://ieeexplore.ieee.org/abstract/document/8466268/,"https://scholar.google.com/scholar?cites=13669794089093289824&as_sdt=2005&sciodt=0,5&hl=en",17,2022-05-22 11:27:47,,,,,,,,,15,3.75,5,3,4,"… of Blockchain, more secure IoT ecosystems can be provided as the network size increases. The use of Blockchain in a … In this research it was shown that a proposed Blockchain-based …",https://isec.unige.ch/user/pages/01.home/_publication/04_ghost_2018.pdf,"https://scholar.google.com/scholar?q=related:YNcjYUzdtL0J:scholar.google.com/&scioq=intitle:blockchain+intitle:consent&hl=en&as_sdt=0,5"
5,"D Hofman, C Shannon, B McManus…",Building trust & protecting privacy: analyzing evidentiary quality in a blockchain proof-of-concept for health research data consent management,2018,… on Internet of Things …,ieeexplore.ieee.org,https://ieeexplore.ieee.org/abstract/document/8726586/,"https://scholar.google.com/scholar?cites=14479094444403001707&as_sdt=2005&sciodt=0,5&hl=en",32,2022-05-22 11:27:47,,,,,,,,,5,1.25,1,4,4,In this paper we use a case study of a proof-of-concept blockchain system for management of the consent process in sharing of participant health research data. The solution is …,,"https://scholar.google.com/scholar?q=related:awn5A68T8MgJ:scholar.google.com/&scioq=intitle:blockchain+intitle:consent&hl=en&as_sdt=0,5"
2,F Frank,Consent management on the Ethereum Blockchain,2018,,essay.utwente.nl,http://essay.utwente.nl/76745/,"https://scholar.google.com/scholar?cites=6067764229889454133&as_sdt=2005&sciodt=0,5&hl=en",37,2022-05-22 11:27:47,,,,,,,,,2,0.5,2,1,4,"… of consent more straightforward for consumers, this thesis aims to explore if a system utilising the Ethereum Blockchain is … How can user consent be managed in a transparent and …",http://essay.utwente.nl/76745/2/Frank_MA_BMS.pdf,"https://scholar.google.com/scholar?q=related:NfBhL2sHNVQJ:scholar.google.com/&scioq=intitle:blockchain+intitle:consent&hl=en&as_sdt=0,5"
1,"HR Sousa, A Pinto",On the feasibility of blockchain for online surveys with reputation and informed consent support,2018,International Symposium on Ambient Intelligence,Springer,https://link.springer.com/chapter/10.1007/978-3-030-01746-0_37,"https://scholar.google.com/scholar?cites=10331068350091675556&as_sdt=2005&sciodt=0,5&hl=en",49,2022-05-22 11:27:47,,10.1007/978-3-030-01746-0_37,,,,,,,1,0.25,1,2,4,"… proof of the user’s consent for every single operation comprising their … consent should be stored in a blockchain. By being a distributed, immutable and verifiable ledger, the blockchain …",,"https://scholar.google.com/scholar?q=related:pMd-le1TX48J:scholar.google.com/&scioq=intitle:blockchain+intitle:consent&hl=en&as_sdt=0,5"
2,"M Benchoufi, R Porcher, P Ravaud",Blockchain Protocols in Clinical Trials: Transparency and Traceability of Consent. F1000Research 6 (2017): 66,2018,PMC. Web,,,"https://scholar.google.com/scholar?cites=15182314145413666219&as_sdt=2005&sciodt=0,5&hl=en",69,2022-05-22 11:27:47,CITATION,,,,,,,,2,0.5,1,3,4,,,"https://scholar.google.com/scholar?q=related:qxXFoUZqstIJ:scholar.google.com/&scioq=intitle:blockchain+intitle:consent&hl=en&as_sdt=0,5"
13,J Camilo,Blockchain-based consent manager for GDPR compliance,2019,Open Identity Summit 2019,dl.gi.de,https://dl.gi.de/handle/20.500.12116/20985,"https://scholar.google.com/scholar?cites=10004306256580359591&as_sdt=2005&sciodt=0,5&hl=en",14,2022-05-22 11:27:47,,,,,,,,,13,4.33,13,1,3,"… a model of consent management for personal data that uses blockchain technology to help … regulation and offer an agile tool for consent control and interaction between data subjects, …",https://dl.gi.de/bitstream/handle/20.500.12116/20985/proceedings-14.pdf?isAllowed=y&sequence=1,"https://scholar.google.com/scholar?q=related:p7WwB4lv1ooJ:scholar.google.com/&scioq=intitle:blockchain+intitle:consent&hl=en&as_sdt=0,5"
15,"K Rantos, G Drosatos, A Kritsas, C Ilioudis…",A blockchain-based platform for consent management of personal data processing in the IoT ecosystem,2019,Security and …,hindawi.com,https://www.hindawi.com/journals/scn/2019/1431578/,"https://scholar.google.com/scholar?cites=4977037163942878668&as_sdt=2005&sciodt=0,5&hl=en",18,2022-05-22 11:27:47,HTML,,,,,,,,15,5,3,5,3,"… consent or a consent that was valid during another period. Note that monitoring of data controller’s adherence to a consent is … data with the support of a blockchain infrastructure [11, 12]. …",https://www.hindawi.com/journals/scn/2019/1431578/,"https://scholar.google.com/scholar?q=related:zJ27Xu78EUUJ:scholar.google.com/&scioq=intitle:blockchain+intitle:consent&hl=en&as_sdt=0,5"
9,"T Rupasinghe, F Burstein, C Rudolph",Blockchain based Dynamic Patient Consent: A Privacy-Preserving Data Acquisition Architecture for Clinical Data Analytics.,2019,ICIS,researchmgt.monash.edu,https://researchmgt.monash.edu/ws/portalfiles/portal/300431085/300350057_oa.pdf,"https://scholar.google.com/scholar?cites=1288462138014750421&as_sdt=2005&sciodt=0,5&hl=en",19,2022-05-22 11:27:47,PDF,,,,,,,,9,3,3,3,3,"… patient consent with existing access control mechanisms. Recently, blockchain has been … a dynamic consent management architecture leveraging blockchain technology and smart …",https://researchmgt.monash.edu/ws/portalfiles/portal/300431085/300350057_oa.pdf,"https://scholar.google.com/scholar?q=related:1dbo6nyJ4REJ:scholar.google.com/&scioq=intitle:blockchain+intitle:consent&hl=en&as_sdt=0,5"
5,"N Aldred, L Baal, G Broda, S Trumble…",Design and implementation of a blockchain-based consent management system,2019,arXiv preprint arXiv …,arxiv.org,https://arxiv.org/abs/1912.09882,"https://scholar.google.com/scholar?cites=15967104057351559674&as_sdt=2005&sciodt=0,5&hl=en",20,2022-05-22 11:27:47,,,,,,,,,5,1.67,1,5,3,"… With blockchain’s built-in security and removal of the need for third party trust, blockchain … of a permissioned-based blockchain third party consent management system, whose policy …",https://arxiv.org/pdf/1912.09882,"https://scholar.google.com/scholar?q=related:-lkj9oqMlt0J:scholar.google.com/&scioq=intitle:blockchain+intitle:consent&hl=en&as_sdt=0,5"
7,"M Shah, C Li, M Sheng, Y Zhang, C Xing",CrowdMed: A blockchain-based approach to consent management for health data sharing,2019,International Conference on …,Springer,https://link.springer.com/chapter/10.1007/978-3-030-34482-5_31,"https://scholar.google.com/scholar?cites=2074372457733162080&as_sdt=2005&sciodt=0,5&hl=en",23,2022-05-22 11:27:47,,10.1007/978-3-030-34482-5_31,,,,,,,7,2.33,1,5,3,… specific configuration of the blockchain. The popular Bitcoin … The mining activities in a blockchain open the possibility of … blockchain-based approach to managing patient consent and …,,"https://scholar.google.com/scholar?q=related:YAQKg8KmyRwJ:scholar.google.com/&scioq=intitle:blockchain+intitle:consent&hl=en&as_sdt=0,5"
4,"HR Sousa, A Pinto",Blockchain based informed consent with reputation support,2019,International Congress on Blockchain and …,Springer,https://link.springer.com/chapter/10.1007/978-3-030-23813-1_7,"https://scholar.google.com/scholar?cites=6873299013815733717&as_sdt=2005&sciodt=0,5&hl=en",27,2022-05-22 11:27:47,,10.1007/978-3-030-23813-1_7,,,,,,,4,1.33,2,2,3,"… The presented solution allows the data controller to collect the consent, of a … said consent on public a blockchain. On the other hand, the data subject will be able to express his consent …",,"https://scholar.google.com/scholar?q=related:1Y2HaQndYl8J:scholar.google.com/&scioq=intitle:blockchain+intitle:consent&hl=en&as_sdt=0,5"
2,"M Beyene, S Thiebes, A Sunyaev",Multi-Stakeholder Consent Management in Genetic Testing: A Blockchain-Based Approach,2019,… 2019 Workshop on Blockchain …,researchgate.net,https://www.researchgate.net/profile/Mikael-Beyene/publication/337742664_Multi-Stakeholder_Consent_Management_in_Genetic_Testing_A_Blockchain-Based_Approach/links/5de7e639a6fdcc2837065515/Multi-Stakeholder-Consent-Management-in-Genetic-Testing-A-Blockchain-Based-Approach.pdf,"https://scholar.google.com/scholar?cites=3246195775450648631&as_sdt=2005&sciodt=0,5&hl=en",41,2022-05-22 11:27:47,PDF,,,,,,,,2,0.67,1,3,3,"… Blockchain-based multi-stakeholder consent management system. Blockchain in Genomics … Furthermore, we think that our work will be of great interest for the Blockchain community, …",https://www.researchgate.net/profile/Mikael-Beyene/publication/337742664_Multi-Stakeholder_Consent_Management_in_Genetic_Testing_A_Blockchain-Based_Approach/links/5de7e639a6fdcc2837065515/Multi-Stakeholder-Consent-Management-in-Genetic-Testing-A-Blockchain-Based-Approach.pdf,"https://scholar.google.com/scholar?q=related:NxAc09vNDC0J:scholar.google.com/&scioq=intitle:blockchain+intitle:consent&hl=en&as_sdt=0,5"
0,"AP Filippidis, K Rantos, A Papanikolaou, C Ilioudis…",A Blockchain-Based Platform for Consent Management of Personal Data Processing in the IoT Ecosystem,2019,,hephaestus.nup.ac.cy,http://hephaestus.nup.ac.cy/handle/11728/11753,,55,2022-05-22 11:27:47,,,,,,,,,0,0,0,5,3,"… consent or a consent that was valid during another period. Note that monitoring of data controller’s adherence to a consent is … data with the support of a blockchain infrastructure [11, 12]. …",,"https://scholar.google.com/scholar?q=related:tukRHnNNRngJ:scholar.google.com/&scioq=intitle:blockchain+intitle:consent&hl=en&as_sdt=0,5"
0,"K Rantos, G Drosatos, A Kritsas, C Ilioudis…",Research Article A Blockchain-Based Platform for Consent Management of Personal Data Processing in the IoT Ecosystem,2019,,academia.edu,https://www.academia.edu/download/64343659/1431578.pdf,,62,2022-05-22 11:27:47,PDF,,,,,,,,0,0,0,5,3,"… consent or a consent that was valid during another period. Note that monitoring of data controller’s adherence to a consent is … data with the support of a blockchain infrastructure [11, 12]. …",https://www.academia.edu/download/64343659/1431578.pdf,"https://scholar.google.com/scholar?q=related:5HGLvWTnDqkJ:scholar.google.com/&scioq=intitle:blockchain+intitle:consent&hl=en&as_sdt=0,5"
31,"V Jaiman, V Urovi",A consent model for blockchain-based health data sharing platforms,2020,IEEE access,ieeexplore.ieee.org,https://ieeexplore.ieee.org/abstract/document/9159120/,"https://scholar.google.com/scholar?cites=7188483273359487766&as_sdt=2005&sciodt=0,5&hl=en",4,2022-05-22 11:27:47,,,,,,,,,31,15.5,16,2,2,"… In this article, we present a blockchain-based data-sharing consent … ’s consent over health data and to enable data requesters to search and access those data. The dynamic consent …",https://ieeexplore.ieee.org/iel7/6287639/8948470/09159120.pdf,"https://scholar.google.com/scholar?q=related:FvNtbnOfwmMJ:scholar.google.com/&scioq=intitle:blockchain+intitle:consent&hl=en&as_sdt=0,5"
31,"N Mamo, GM Martin, M Desira, B Ellul…",Dwarna: a blockchain solution for dynamic consent in biobanking,2020,European Journal of …,nature.com,https://www.nature.com/articles/s41431-019-0560-9,"https://scholar.google.com/scholar?cites=3075477227805524150&as_sdt=2005&sciodt=0,5&hl=en",6,2022-05-22 11:27:47,HTML,,,,,,,,31,15.5,6,5,2,"… partners’ consent changes more transparently. However, the blockchain is perceived as … for obtaining consent in the field of genomic research and the blockchain. Subsequently, we …",https://www.nature.com/articles/s41431-019-0560-9,"https://scholar.google.com/scholar?q=related:tsAmfj5KrioJ:scholar.google.com/&scioq=intitle:blockchain+intitle:consent&hl=en&as_sdt=0,5"
29,"G Albanese, JP Calbimonte, M Schumacher…",Dynamic consent management for clinical trials via private blockchain technology,2020,Journal of Ambient …,Springer,https://link.springer.com/article/10.1007/s12652-020-01761-1,"https://scholar.google.com/scholar?cites=6831486855633420312&as_sdt=2005&sciodt=0,5&hl=en",8,2022-05-22 11:27:47,,10.1007/s12652-020-01761-1,,,,,,,29,14.5,7,4,2,"… , and (v) participant-centered control over her own consent preferences, approvals and … consent in clinical trials, based on blockchain technology (BCT). The usage of blockchain—an …",,"https://scholar.google.com/scholar?q=related:GMDHtRlRzl4J:scholar.google.com/&scioq=intitle:blockchain+intitle:consent&hl=en&as_sdt=0,5"
9,"D Tith, JS Lee, H Suzuki…",Patient consent management by a purpose-based consent model for electronic health record based on blockchain technology,2020,Healthcare …,synapse.koreamed.org,https://synapse.koreamed.org/articles/1145361,"https://scholar.google.com/scholar?cites=1848830931180491524&as_sdt=2005&sciodt=0,5&hl=en",10,2022-05-22 11:27:47,HTML,,,,,,,,9,4.5,2,4,2,"… Our consent model is a solution for consent management both for patients and healthcare organizations. Our system, as a blockchain-based solution that provides high reliability and …",https://synapse.koreamed.org/articles/1145361,"https://scholar.google.com/scholar?q=related:BJPEtu9dqBkJ:scholar.google.com/&scioq=intitle:blockchain+intitle:consent&hl=en&as_sdt=0,5"
10,"PE Velmovitsky, PADSE Souza, H Vaillancourt…",A blockchain-based consent platform for active assisted living: modeling study and conceptual framework,2020,Journal of Medical …,jmir.org,https://www.jmir.org/2020/12/e20832/,"https://scholar.google.com/scholar?cites=7605111176009594642&as_sdt=2005&sciodt=0,5&hl=en",11,2022-05-22 11:27:47,HTML,,,,,,,,10,5,3,4,2,"… This paper explores the creation of a blockchain platform for consent management in … blockchain use cases developed by Gorenflo et al [43], and we apply this methodology to consent …",https://www.jmir.org/2020/12/e20832/,"https://scholar.google.com/scholar?q=related:ErdnK1LIimkJ:scholar.google.com/&scioq=intitle:blockchain+intitle:consent&hl=en&as_sdt=0,5"
6,"O Konashevych, O Khovayko",Randpay: The technology for blockchain micropayments and transactions which require recipient's consent,2020,Computers & Security,Elsevier,https://www.sciencedirect.com/science/article/pii/S0167404820301656,"https://scholar.google.com/scholar?cites=7623481977332141816&as_sdt=2005&sciodt=0,5&hl=en",15,2022-05-22 11:27:47,,,,,,,,,6,3,3,2,2,… be published in the blockchain. Randpay is considered to be the first blockchain protocol to … the use of the blockchain for legal deeds that require a payee's consent to be recognized in …,https://www.researchgate.net/profile/Oleksii-Konashevych/publication/341644382_Randpay_The_Technology_for_Blockchain_Micropayments_and_Transactions_Which_Require_Recipient%27s_Consent/links/5edf4553a6fdcc476890b87d/Randpay-The-Technology-for-Blockchain-Micropayments-and-Transactions-Which-Require-Recipients-Consent.pdf,"https://scholar.google.com/scholar?q=related:-I55qncMzGkJ:scholar.google.com/&scioq=intitle:blockchain+intitle:consent&hl=en&as_sdt=0,5"
5,"CC Agbo, QH Mahmoud",Design and Implementation of a Blockchain-Based E-Health Consent Management Framework,2020,2020 ieee international conference …,ieeexplore.ieee.org,https://ieeexplore.ieee.org/abstract/document/9283203/,"https://scholar.google.com/scholar?cites=9607378532135564379&as_sdt=2005&sciodt=0,5&hl=en",16,2022-05-22 11:27:47,,,,,,,,,5,2.5,3,2,2,… to design an efficient consent management framework for the … a new blockchain-based eHealth consent management … the proposed blockchain-based e-Health consent management …,https://www.researchgate.net/profile/Cc_Agbo/publication/347629625_Design_and_Implementation_of_a_Blockchain-Based_E-Health_Consent_Management_Framework/links/601ce5cc92851c4ed54be503/Design-and-Implementation-of-a-Blockchain-Based-E-Health-Consent-Management-Framework.pdf,"https://scholar.google.com/scholar?q=related:W3Sndt9DVIUJ:scholar.google.com/&scioq=intitle:blockchain+intitle:consent&hl=en&as_sdt=0,5"
14,"J Ahmed, S Yildirim, M Nowostaki…",GDPR compliant consent driven data protection in online social networks: A blockchain-based approach,2020,… on Information and …,ieeexplore.ieee.org,https://ieeexplore.ieee.org/abstract/document/9092226/,"https://scholar.google.com/scholar?cites=2912405031957850186&as_sdt=2005&sciodt=0,5&hl=en",21,2022-05-22 11:27:47,,,,,,,,,14,7,4,4,2,… argue that existing consent mechanisms in … blockchain-based approach for consent management. This paper paves the way for designing a blockchain-based GDPR compliant consent …,https://blockhack.osive.com/_downloads/0dfb3e976fdcd7b80bdd6cdf6fb03787/50.pdf,"https://scholar.google.com/scholar?q=related:SmjoK_LwaigJ:scholar.google.com/&scioq=intitle:blockchain+intitle:consent&hl=en&as_sdt=0,5"
6,"HH Jung, FMJ Pfister",Blockchain-enabled clinical study consent management,2020,Technology Innovation Management Review,timreview.ca,https://www.timreview.ca/article/1325,"https://scholar.google.com/scholar?cites=225745111110908701&as_sdt=2005&sciodt=0,5&hl=en",22,2022-05-22 11:27:47,HTML,,,,,,,,6,3,3,2,2,"… Written informed consent (WIC) is required in the context of … We present a framework concept for a blockchain-based … data value chain from acquiring consent to academic publication, …",https://www.timreview.ca/article/1325,"https://scholar.google.com/scholar?q=related:HfuLhfsBIgMJ:scholar.google.com/&scioq=intitle:blockchain+intitle:consent&hl=en&as_sdt=0,5"
5,"G Despotou, J Evans, W Nash, A Eavis…",Evaluation of patient perception towards dynamic health data sharing using blockchain based digital consent with the Dovetail digital consent application: A cross …,2020,Digital …,journals.sagepub.com,https://journals.sagepub.com/doi/abs/10.1177/2055207620924949,"https://scholar.google.com/scholar?cites=5458973687319041746&as_sdt=2005&sciodt=0,5&hl=en",24,2022-05-22 11:27:47,,10.1177/2055207620924949,,,,,,,5,2.5,1,5,2,"… to digitally consent to sharing their data between services, using blockchain. This paper presents an evaluation of patients’ attitudes towards the deployed digital consent application as …",https://journals.sagepub.com/doi/pdf/10.1177/2055207620924949,"https://scholar.google.com/scholar?q=related:0hbbTqUrwksJ:scholar.google.com/&scioq=intitle:blockchain+intitle:consent&hl=en&as_sdt=0,5"
5,"J Heiss, MR Ulbricht, J Eberhardt",Put Your Money Where Your Mouth Is–Towards Blockchain-based Consent Violation Detection,2020,… Conference on Blockchain …,ieeexplore.ieee.org,https://ieeexplore.ieee.org/abstract/document/9169455/,"https://scholar.google.com/scholar?cites=18437231610878422675&as_sdt=2005&sciodt=0,5&hl=en",25,2022-05-22 11:27:47,,,,,,,,,5,2.5,2,3,2,"… to violations of consent declarations through unauthorized … , blockchain-based approach for enabling economically motivated and technically mediated detection of violations of consent …",https://www.researchgate.net/profile/Jonathan-Heiss/publication/340940365_Put_Your_Money_Where_Your_Mouth_Is_-_Towards_Blockchain-based_Consent_Violation_Detection/links/5ea69cfda6fdccd79457ff0e/Put-Your-Money-Where-Your-Mouth-Is-Towards-Blockchain-based-Consent-Violation-Detection.pdf,"https://scholar.google.com/scholar?q=related:k-4CKHc03v8J:scholar.google.com/&scioq=intitle:blockchain+intitle:consent&hl=en&as_sdt=0,5"
0,"J Savulescu, P Ravaud, M Benchoufi","Blockchain, consent and prosent for medical research.",2020,Journal of Medical Ethics,europepmc.org,https://europepmc.org/article/med/32366703,,36,2022-05-22 11:27:47,,,,,,,,,0,0,0,3,2,… using blockchain-based smart contracts. This paper demonstrates how blockchain technologies can be used to further all three of the bioethical principles underlying consent …,,"https://scholar.google.com/scholar?q=related:s8JpE4Lr-0wJ:scholar.google.com/&scioq=intitle:blockchain+intitle:consent&hl=en&as_sdt=0,5"
0,"Y Haik, I Bantekas",Nano-drug Clinical Trials: Informed Consent and Risk Management Through Blockchain,2020,Pitt. J. Tech. L. & Pol'y,HeinOnline,https://heinonline.org/hol-cgi-bin/get_pdf.cgi?handle=hein.journals/pittjtlp21&section=4,,45,2022-05-22 11:27:47,,,,,,,,,0,0,0,2,2,… Permissioned blockchain recording system provides protective access to include new risk … improves the informed consent. The distributed feature of the blockchain ledger allows for …,,"https://scholar.google.com/scholar?q=related:ReYmVFIN4u4J:scholar.google.com/&scioq=intitle:blockchain+intitle:consent&hl=en&as_sdt=0,5"
1,"AR Lee, MG Kim, KJ Won, IK Kim…",Coded Dynamic Consent framework using blockchain for healthcare information exchange,2020,2020 IEEE International …,ieeexplore.ieee.org,https://ieeexplore.ieee.org/abstract/document/9313330/,"https://scholar.google.com/scholar?cites=11402754266921615948&as_sdt=2005&sciodt=0,5&hl=en",48,2022-05-22 11:27:47,,,,,,,,,1,0.5,0,5,2,… to tailor and manage their consent. It expands patients’ … Consent framework based on blockchain. We developed five design criteria to support dynamic consent and represent consent …,,"https://scholar.google.com/scholar?q=related:TMLuZJe4Pp4J:scholar.google.com/&scioq=intitle:blockchain+intitle:consent&hl=en&as_sdt=0,5"
0,B Moslavac,Consent by GDPR vs. Blockchain,2020,Revista Acadêmica Escola Superior do …,revistaacademica.mpce.mp.br,https://revistaacademica.mpce.mp.br/revista/article/view/22,,60,2022-05-22 11:27:47,,,,,,,,,0,0,0,1,2,"… consent due to lawfulness of personal data processing versus inclusion of same data in a chain using blockchain … of personal data substitute explicit consent for their processing. Finally, …",https://revistaacademica.mpce.mp.br/revista/article/download/22/18,"https://scholar.google.com/scholar?q=related:7GiqCLbpv10J:scholar.google.com/&scioq=intitle:blockchain+intitle:consent&hl=en&as_sdt=0,5"
2,"PE Velmovitsky, M PADSES, H Vaillancourt…",Blockchain and IoT: a conceptual framework for a blockchain consent platform in active assisted living,2020,J Med Internet Res,,,"https://scholar.google.com/scholar?cites=1361950418269584911&as_sdt=2005&sciodt=0,5&hl=en",64,2022-05-22 11:27:47,CITATION,,,,,,,,2,1,1,4,2,,,"https://scholar.google.com/scholar?q=related:Dz6ngrCe5hIJ:scholar.google.com/&scioq=intitle:blockchain+intitle:consent&hl=en&as_sdt=0,5"
13,"SP Mann, J Savulescu, P Ravaud…","Blockchain, consent and prosent for medical research",2021,Journal of medical …,jme.bmj.com,https://jme.bmj.com/content/47/4/244.abstract,"https://scholar.google.com/scholar?cites=14209398746666134632&as_sdt=2005&sciodt=0,5&hl=en",1,2022-05-22 11:27:47,,,,,,,,,13,13,3,4,1,… using blockchain-based smart contracts. This paper demonstrates how blockchain technologies can be used to further all three of the bioethical principles underlying consent …,https://jme.bmj.com/content/medethics/47/4/244.full.pdf,"https://scholar.google.com/scholar?q=related:aGzqHuDsMcUJ:scholar.google.com/&scioq=intitle:blockchain+intitle:consent&hl=en&as_sdt=0,5"
14,"PV Kakarlapudi, QH Mahmoud",A systematic review of blockchain for consent management,2021,Healthcare,mdpi.com,https://www.mdpi.com/981714,"https://scholar.google.com/scholar?cites=14655047306785875065&as_sdt=2005&sciodt=0,5&hl=en",2,2022-05-22 11:27:47,,,,,,,,,14,14,7,2,1,"… to limit their consent, as a result, with consent management, … We believe that consent management with Blockchain makes … A blockchain is a digital transaction archive that is duplicated …",https://www.mdpi.com/2227-9032/9/2/137/pdf,"https://scholar.google.com/scholar?q=related:eWSEN-EvYcsJ:scholar.google.com/&scioq=intitle:blockchain+intitle:consent&hl=en&as_sdt=0,5"
3,"TM Kim, SJ Lee, DJ Chang, J Koo, T Kim, KH Yoon…",Dynamichain: Development of medical blockchain ecosystem based on dynamic consent system,2021,Applied Sciences,mdpi.com,https://www.mdpi.com/994060,"https://scholar.google.com/scholar?cites=6552979052989176052&as_sdt=2005&sciodt=0,5&hl=en",7,2022-05-22 11:27:47,,,,,,,,,3,3,0,7,1,"… Although blockchain is acknowledged as one of the most … In addition, contemporary blockchain-converged solutions do … of a dynamic consent medical blockchain system called …",https://www.mdpi.com/2076-3417/11/4/1612/htm,"https://scholar.google.com/scholar?q=related:9Nj-wbrb8FoJ:scholar.google.com/&scioq=intitle:blockchain+intitle:consent&hl=en&as_sdt=0,5"
0,"F Albalwy, A Brass, A Davies",A Blockchain-Based Dynamic Consent Architecture to Support Clinical Genomic Data Sharing (ConsentChain): Proof-of-Concept Study,2021,JMIR medical informatics,medinform.jmir.org,https://medinform.jmir.org/2021/11/e27816/,,28,2022-05-22 11:27:47,HTML,,,,,,,,0,0,0,3,1,"… is blockchain technology. As decentralized and distributed technology, blockchain technology … This paper proposes blockchain-based dynamic consent architecture to support genomic …",https://medinform.jmir.org/2021/11/e27816/,"https://scholar.google.com/scholar?q=related:XrRux8kTS3oJ:scholar.google.com/&scioq=intitle:blockchain+intitle:consent&hl=en&as_sdt=0,5"
1,"H Grodzicka, M Kedziora, L Madeyski",Security and Scalability in Private Permissionless Blockchain: Problems and Solutions Leading to Creating Consent-as-a-Service (CaaS) Deployment,2021,International Conference on …,Springer,https://link.springer.com/chapter/10.1007/978-3-030-88113-9_22,"https://scholar.google.com/scholar?cites=10553615333376323653&as_sdt=2005&sciodt=0,5&hl=en",33,2022-05-22 11:27:47,,10.1007/978-3-030-88113-9_22,,,,,,,1,1,0,3,1,"… occurring in private permissionless blockchain systems. The consent management system (… implemented in the selected blockchain-as-a-service (BaaS), and therefore led to consent-as-…",,"https://scholar.google.com/scholar?q=related:RfAC8jr5dZIJ:scholar.google.com/&scioq=intitle:blockchain+intitle:consent&hl=en&as_sdt=0,5"
0,"Z Xu, T Jiao, Z Wang, S Wen, S Chen…",AC2M: An Automated Consent Management Model for Blockchain Financial Services Platform,2021,… Conference on Smart …,ieeexplore.ieee.org,https://ieeexplore.ieee.org/abstract/document/9592376/,,34,2022-05-22 11:27:47,,,,,,,,,0,0,0,6,1,… an automated consent management model based on blockchain … a blockchain-based consent management model to solve these issues. The inherent characteristics of Blockchain …,,"https://scholar.google.com/scholar?q=related:GTbxN1SGBvwJ:scholar.google.com/&scioq=intitle:blockchain+intitle:consent&hl=en&as_sdt=0,5"
2,"P Banerjee, A Muthaiah, S Ruj",Blockchain Enabled Data Trading with User Consent,2021,2021 International Conference …,ieeexplore.ieee.org,https://ieeexplore.ieee.org/abstract/document/9352817/,"https://scholar.google.com/scholar?cites=3154330402760490032&as_sdt=2005&sciodt=0,5&hl=en",35,2022-05-22 11:27:47,,,,,,,,,2,2,1,3,1,"… The consent forms are still paper based or just digital copies of the paper version and … core concerns of consent, compensation and traceability of data. We use a blockchain platform to …",,"https://scholar.google.com/scholar?q=related:MPzA-MluxisJ:scholar.google.com/&scioq=intitle:blockchain+intitle:consent&hl=en&as_sdt=0,5"
0,"D Ameyed, F Jaafar…",Blockchain Based Model for Consent Management and Data Transparency Assurance,2021,2021 IEEE 21st …,ieeexplore.ieee.org,https://ieeexplore.ieee.org/abstract/document/9741995/,,38,2022-05-22 11:27:47,,,,,,,,,0,0,0,3,1,"… In this context, we present a consent management system based on … blockchain model, performing a decentralized solution and a separation between the private data and consent data …",,
0,"PV Kakarlapudi, QH Mahmoud","A Systematic Review of Blockchain for Consent Management. Healthcare 2021, 9, 137",2021,,pdfs.semanticscholar.org,https://pdfs.semanticscholar.org/d8ed/74d32325e6291ed68e97ef77d9191022101b.pdf,,39,2022-05-22 11:27:47,PDF,,,,,,,,0,0,0,2,1,"… to limit their consent, as a result, with consent management, … We believe that consent management with Blockchain makes … A blockchain is a digital transaction archive that is duplicated …",https://pdfs.semanticscholar.org/d8ed/74d32325e6291ed68e97ef77d9191022101b.pdf,"https://scholar.google.com/scholar?q=related:BnNhLzFVTisJ:scholar.google.com/&scioq=intitle:blockchain+intitle:consent&hl=en&as_sdt=0,5"
0,"BC Mak, BT Addeman, J Chen…",Leveraging Blockchain Technology for Informed Consent Process and Patient Engagement in a Clinical Trial Pilot,2021,Blockchain in …,blockchainhealthcaretoday.com,https://www.blockchainhealthcaretoday.com/index.php/journal/article/view/182,,40,2022-05-22 11:27:47,HTML,,,,,,,,0,0,0,4,1,… The objective of this study was to determine whether blockchain technology could enforce … -based blockchain system in an active clinical trial setting to assess the impact of blockchain …,https://www.blockchainhealthcaretoday.com/index.php/journal/article/view/182,"https://scholar.google.com/scholar?q=related:_6VQ5w_uvE8J:scholar.google.com/&scioq=intitle:blockchain+intitle:consent&hl=en&as_sdt=0,5"
1,T Rupasinghe,Blockchain-based Dynamic Consent for Secondary use of Electronic Medical Records,2021,,bridges.monash.edu,https://bridges.monash.edu/articles/thesis/Blockchain-based_Dynamic_Consent_for_Secondary_use_of_Electronic_Medical_Records/17129108,"https://scholar.google.com/scholar?cites=17789986602430000443&as_sdt=2005&sciodt=0,5&hl=en",42,2022-05-22 11:27:47,,,,,,,,,1,1,1,1,1,… -preserving dynamic consent management mechanism based on blockchain technology and … in the consent management process by dynamically managing consent preferences and …,https://scholar.archive.org/work/bxadfzyevrhj3pyqywgvhdcnbm/access/wayback/https://au-east.erc.monash.edu.au/fpfiles/31670780/FinalthesisbyTharukaRupasinghe.pdf?AWSAccessKeyId=e00145a6f706457aab45051570081e49&Expires=1638856314&Signature=gV5N2XINjwyh51pOe0Aw%2FGW2f2M%3D,"https://scholar.google.com/scholar?q=related:O23MPI-64vYJ:scholar.google.com/&scioq=intitle:blockchain+intitle:consent&hl=en&as_sdt=0,5"
0,B Flesch,Investigating the suitability of blockchain for managing patients consent in clinical trials,2021,,scss.tcd.ie,https://www.scss.tcd.ie/publications/theses/diss/2021/TCD-SCSS-DISSERTATION-2021-046.pdf,,44,2022-05-22 11:27:47,PDF,,,,,,,,0,0,0,1,1,… of blockchain to manage patients consent in clinical trials. … problem of patients consent management while maximising its … of a Blockchain as a Service (BaaS) for consent management …,https://www.scss.tcd.ie/publications/theses/diss/2021/TCD-SCSS-DISSERTATION-2021-046.pdf,"https://scholar.google.com/scholar?q=related:-wHPd72JGBcJ:scholar.google.com/&scioq=intitle:blockchain+intitle:consent&hl=en&as_sdt=0,5"
0,"H Kim, S Lee, H Kwon, E Kim",Design and Implementation of a Personal Health Record Platform Based on Patient-consent Blockchain Technology,2021,KSII Transactions on Internet and …,koreascience.or.kr,https://www.koreascience.or.kr/article/JAKO202104554893568.page,,47,2022-05-22 11:27:47,,,,,,,,,0,0,0,4,1,"… the personal consent system using blockchain has emerged. The adoption of blockchain technology … of a patient-centered PHR platform that employs blockchain technology [4,14]. The …",https://www.koreascience.or.kr/article/JAKO202104554893568.pdf,
0,PV Kakarlapudi,Design and development of a blockchain-based consent management system,2021,,ir.library.dc-uoit.ca,http://ir.library.dc-uoit.ca/handle/10155/1349,,50,2022-05-22 11:27:47,,,,,,,,,0,0,0,1,1,… the latest blockchain technology for enhancing data privacy and consent management … The primary goal of this thesis is to design and develop a blockchain-based consent …,https://ir.library.dc-uoit.ca/xmlui/bitstream/handle/10155/1349/Kakarlapudi_Prasanth_Varma.pdf?sequence=1,"https://scholar.google.com/scholar?q=related:XoS4amCMvzYJ:scholar.google.com/&scioq=intitle:blockchain+intitle:consent&hl=en&as_sdt=0,5"
0,"HUY TRAN, T JEGATHEESWARAN",Blockchain-based Smart Contracts for Consent Management in eHealth,2021,,uia.brage.unit.no,https://uia.brage.unit.no/uia-xmlui/handle/11250/2823868,,53,2022-05-22 11:27:47,,,,,,,,,0,0,0,2,1,"… This thesis focuses on how Blockchain can be used to facilitate consent management, … This thesis creates a consent management solution for healthcare data using Blockchain-based …",https://uia.brage.unit.no/uia-xmlui/bitstream/handle/11250/2823868/Jegatheeswaran%20Thanukan%20%28831%29_78839561_2.pdf?sequence=1,"https://scholar.google.com/scholar?q=related:jZiP7eyu9-YJ:scholar.google.com/&scioq=intitle:blockchain+intitle:consent&hl=en&as_sdt=0,5"
1,"I Mukhopadhyay, A Ghosh",Blockchain-Based Framework for Managing Customer Consent in Open Banking,2021,"The"" Essence"" of Network Security: An End-to …",Springer,https://link.springer.com/chapter/10.1007/978-981-15-9317-8_3,"https://scholar.google.com/scholar?cites=5782434679926751393&as_sdt=2005&sciodt=0,5&hl=en",54,2022-05-22 11:27:47,,10.1007/978-981-15-9317-8_3,,,,,,,1,1,1,2,1,"… Blockchain-based solutions for consent management, let’s understand about Blockchain … and implementation of a permissioned Blockchain third-party consent management system, a …",,"https://scholar.google.com/scholar?q=related:oQDvabRVP1AJ:scholar.google.com/&scioq=intitle:blockchain+intitle:consent&hl=en&as_sdt=0,5"
0,B Jacobs,Integrating Consent Management Techniques into Blockchain-Based Medical Data Sharing,2021,,repository.tudelft.nl,https://repository.tudelft.nl/islandora/object/uuid:b40c42e6-4369-46cf-a49a-4d50123ff505,,56,2022-05-22 11:27:47,,,,,,,,,0,0,0,1,1,"… for an adequate consent management system for blockchain-… Finally, we provide a highly dynamic consent management … Hyperledger Fabric permissioned blockchain. The proposed …",,
0,SR Chandramoorthy,BeACon: Blockchain-Enabled Consent Management for Healthcare Applications,2021,,search.proquest.com,https://search.proquest.com/openview/f7a982e74e70b196f58230cbd1290fbb/1?pq-origsite=gscholar&cbl=18750&diss=y,,59,2022-05-22 11:27:47,,,,,,,,,0,0,0,1,1,… Blockchain-enabled Application for Consent Management in Healthcare” that offers patients with privacy and stewardship through patient consent … using a blockchain and Interplanetary …,,
2,J Camilo,Blockchain-based consent manager for GDPR compliance. Open Identity Summit. 2019,2021,,,,"https://scholar.google.com/scholar?cites=3458251228364511188&as_sdt=2005&sciodt=0,5&hl=en",66,2022-05-22 11:27:47,CITATION,,,,,,,,2,2,2,1,1,,,"https://scholar.google.com/scholar?q=related:1Je5aist_i8J:scholar.google.com/&scioq=intitle:blockchain+intitle:consent&hl=en&as_sdt=0,5"
0,"M Alhajri, A Salehi Shahraki, C Rudolph",Privacy of Fitness Applications and Consent Management in Blockchain,2022,… Computer Science Week …,dl.acm.org,https://dl.acm.org/doi/abs/10.1145/3511616.3513100,,26,2022-05-22 11:27:47,,10.1145/3511616.3513100,,,,,,,0,0,0,3,1,"… these consent-management privacy concerns. We propose a blockchainbased consent … and legally compliant system that manages user consent dynamically around the sharing, collect…",https://dl.acm.org/doi/pdf/10.1145/3511616.3513100,
0,"M Alhajri, C Rudolph, AS Shahraki",A Blockchain-Based Consent Mechanism for Access to Fitness Data in the Healthcare Context,2022,IEEE Access,ieeexplore.ieee.org,https://ieeexplore.ieee.org/abstract/document/9721062/,,29,2022-05-22 11:27:47,,,,,,,,,0,0,0,3,1,"… study proposes a blockchain dynamic consent mechanism that uses a smart contract to preserve privacy in accessing fitness data, especially with regard to the management of consent. …",https://ieeexplore.ieee.org/iel7/6287639/9668973/09721062.pdf,
0,"C Hu, C Li, G Zhang, Z Lei, M Shah, Y Zhang, C Xing…",CrowdMed-II: a blockchain-based framework for efficient consent management in health data sharing,2022,World Wide Web,Springer,https://link.springer.com/article/10.1007/s11280-021-00923-1,,30,2022-05-22 11:27:47,HTML,10.1007/s11280-021-00923-1,,,,,,,0,0,0,8,1,"… Next, we describe the use of blockchain in health data sharing and some blockchain-based systems that others have proposed. Last, we introduce blockchain technologies and smart …",https://link.springer.com/article/10.1007/s11280-021-00923-1,"https://scholar.google.com/scholar?q=related:3qPDJg4TSxUJ:scholar.google.com/&scioq=intitle:blockchain+intitle:consent&hl=en&as_sdt=0,5"
0,"KY Huh, SJ Moon, S Jeong, MJ Kim…",Evaluation of a blockchain‐based dynamic consent platform (METORY) in a decentralized and multicenter clinical trial using virtual drugs,2022,Clinical and …,Wiley Online Library,https://ascpt.onlinelibrary.wiley.com/doi/abs/10.1111/cts.13246,,31,2022-05-22 11:27:47,,10.1111/cts.13246,,,,,,,0,0,0,5,1,"… Overall study completion rates, proportion of consent, and … the overall proportion of consent to each protocol amendment … evaluated a blockchain- b ased dynamic consent platform in …",https://ascpt.onlinelibrary.wiley.com/doi/pdf/10.1111/cts.13246,
0,S Mitra,OConsent--Open Consent Protocol for Privacy and Consent Management with Blockchain,2022,arXiv preprint arXiv:2201.01326,arxiv.org,https://arxiv.org/abs/2201.01326,,43,2022-05-22 11:27:47,,,,,,,,,0,0,0,1,1,"… consent with blockchain. Consentio uses Hyperledger, which is a permissioned blockchain. … However, having a permissioned blockchain inhibits the wider adoption of the platform, and …",https://arxiv.org/pdf/2201.01326,"https://scholar.google.com/scholar?q=related:FimsdccESzEJ:scholar.google.com/&scioq=intitle:blockchain+intitle:consent&hl=en&as_sdt=0,5"
0,G Massarotto,USING BLOCKCHAIN-BASED SMART CONTRACTS TO ENFORCE THE ANTITRUST CONSENT,2022,Available at SSRN,papers.ssrn.com,https://papers.ssrn.com/sol3/papers.cfm?abstract_id=4016740,,46,2022-05-22 11:27:47,,,,,,,,,0,0,0,1,1,"… This paper demonstrates how antitrust consent solution and blockchain can … consent reduces the asymmetry of information between market players and regulators, just like a blockchain …",,
0,Z Zheng,Blockchain Technology and Research on Informed Consent Rules in Art Auctions,2022,The Legal System of Art Auction in China,Springer,https://link.springer.com/chapter/10.1007/978-981-19-0128-7_6,,51,2022-05-22 11:27:47,,10.1007/978-981-19-0128-7_6,,,,,,,0,0,0,1,1,"… of informed consent is separated … consent rules, cope with the impact of block chain technology on the art auction market, and build a new interpretation framework of informed consent …",,
0,"L Zhang, H Kan, H Huang",Patient-centered cross-enterprise document sharing and dynamic consent framework using consortium blockchain and ciphertext-policy attribute-based encryption,2022,Proceedings of the 19th ACM International …,dl.acm.org,https://dl.acm.org/doi/abs/10.1145/3528416.3530228,,52,2022-05-22 11:27:47,,10.1145/3528416.3530228,,,,,,,0,0,0,3,1,"… Because of its transparency, blockchain is a powerful system for managing storage and … consortium blockchain and CP-ABE, we propose a patient-centered XDS and a dynamic consent …",,
